index,lang_id
1,eng
2,eng
3,eng
4,ssw
5,afr
6,eng
7,nso
8,eng
9,ssw
10,eng
11,ssw
12,eng
13,nso
14,sot
15,tso
16,xho
17,ssw
18,ssw
19,ssw
20,eng
21,afr
22,eng
23,ssw
24,eng
25,nso
26,eng
27,tsn
28,afr
29,eng
30,eng
31,eng
32,eng
33,eng
34,eng
35,ssw
36,ssw
37,ssw
38,xho
39,sot
40,eng
41,ssw
42,ssw
43,ssw
44,nbl
45,eng
46,ssw
47,eng
48,eng
49,eng
50,nso
51,sot
52,ssw
53,sot
54,eng
55,eng
56,ssw
57,eng
58,eng
59,ssw
60,sot
61,afr
62,tso
63,eng
64,eng
65,ssw
66,eng
67,sot
68,nso
69,eng
70,ssw
71,eng
72,eng
73,eng
74,ssw
75,eng
76,ssw
77,eng
78,tso
79,eng
80,ssw
81,tsn
82,eng
83,xho
84,eng
85,eng
86,nso
87,ssw
88,eng
89,eng
90,eng
91,ssw
92,eng
93,eng
94,sot
95,eng
96,eng
97,ssw
98,ssw
99,eng
100,eng
101,afr
102,ssw
103,eng
104,ssw
105,eng
106,ven
107,eng
108,nso
109,sot
110,eng
111,xho
112,eng
113,eng
114,eng
115,eng
116,eng
117,afr
118,eng
119,eng
120,eng
121,eng
122,eng
123,eng
124,ssw
125,eng
126,eng
127,ssw
128,eng
129,tso
130,eng
131,eng
132,eng
133,eng
134,eng
135,eng
136,eng
137,eng
138,sot
139,eng
140,ssw
141,ssw
142,nso
143,eng
144,eng
145,eng
146,ssw
147,eng
148,eng
149,xho
150,eng
151,eng
152,xho
153,ssw
154,tsn
155,eng
156,eng
157,eng
158,tsn
159,eng
160,eng
161,eng
162,eng
163,eng
164,xho
165,tsn
166,ssw
167,nbl
168,ssw
169,eng
170,eng
171,eng
172,eng
173,eng
174,eng
175,eng
176,ssw
177,eng
178,nbl
179,ssw
180,ssw
181,ssw
182,nso
183,ssw
184,ssw
185,sot
186,eng
187,eng
188,ssw
189,eng
190,eng
191,ssw
192,tso
193,sot
194,eng
195,eng
196,eng
197,eng
198,eng
199,eng
200,eng
201,eng
202,afr
203,eng
204,eng
205,nbl
206,ssw
207,ssw
208,ven
209,eng
210,eng
211,eng
212,tso
213,eng
214,eng
215,ssw
216,afr
217,eng
218,ssw
219,eng
220,eng
221,eng
222,eng
223,afr
224,eng
225,eng
226,eng
227,eng
228,eng
229,xho
230,nso
231,eng
232,ven
233,eng
234,eng
235,xho
236,eng
237,ssw
238,tso
239,eng
240,nso
241,eng
242,eng
243,ssw
244,ssw
245,ssw
246,eng
247,nso
248,nso
249,eng
250,ssw
251,ssw
252,eng
253,eng
254,afr
255,nbl
256,eng
257,eng
258,eng
259,eng
260,eng
261,eng
262,eng
263,ssw
264,eng
265,eng
266,eng
267,eng
268,eng
269,xho
270,afr
271,ssw
272,afr
273,zul
274,ssw
275,eng
276,eng
277,ssw
278,eng
279,sot
280,nbl
281,eng
282,nso
283,eng
284,ssw
285,eng
286,ssw
287,eng
288,eng
289,ssw
290,eng
291,ssw
292,ssw
293,eng
294,eng
295,ssw
296,ssw
297,eng
298,eng
299,eng
300,ssw
301,eng
302,afr
303,eng
304,tso
305,eng
306,eng
307,eng
308,sot
309,ven
310,eng
311,ssw
312,eng
313,eng
314,eng
315,ssw
316,eng
317,eng
318,eng
319,ven
320,eng
321,eng
322,eng
323,eng
324,nso
325,eng
326,afr
327,eng
328,nso
329,ven
330,ssw
331,eng
332,ssw
333,eng
334,ssw
335,sot
336,afr
337,afr
338,eng
339,ssw
340,eng
341,nso
342,ssw
343,eng
344,ven
345,tso
346,eng
347,ssw
348,eng
349,eng
350,ssw
351,eng
352,eng
353,ssw
354,eng
355,eng
356,ssw
357,eng
358,eng
359,nso
360,eng
361,eng
362,eng
363,eng
364,eng
365,tso
366,ssw
367,eng
368,xho
369,eng
370,afr
371,ssw
372,ssw
373,eng
374,ssw
375,eng
376,tsn
377,ssw
378,eng
379,ssw
380,nso
381,eng
382,eng
383,eng
384,eng
385,afr
386,eng
387,xho
388,ssw
389,eng
390,eng
391,nso
392,afr
393,eng
394,nso
395,eng
396,ssw
397,xho
398,ssw
399,afr
400,eng
401,sot
402,eng
403,eng
404,eng
405,eng
406,eng
407,eng
408,eng
409,eng
410,eng
411,ssw
412,ssw
413,eng
414,nso
415,xho
416,eng
417,eng
418,eng
419,eng
420,tso
421,eng
422,ven
423,eng
424,eng
425,ven
426,eng
427,sot
428,eng
429,eng
430,eng
431,ssw
432,eng
433,eng
434,eng
435,ssw
436,ven
437,afr
438,eng
439,eng
440,eng
441,ssw
442,ssw
443,sot
444,eng
445,eng
446,eng
447,tso
448,eng
449,eng
450,eng
451,ssw
452,ssw
453,eng
454,eng
455,eng
456,ssw
457,eng
458,afr
459,ssw
460,ssw
461,ven
462,afr
463,xho
464,eng
465,ven
466,eng
467,ssw
468,eng
469,eng
470,eng
471,eng
472,eng
473,eng
474,afr
475,nso
476,eng
477,xho
478,eng
479,sot
480,eng
481,eng
482,eng
483,afr
484,ssw
485,nso
486,eng
487,eng
488,eng
489,nso
490,ssw
491,ssw
492,eng
493,eng
494,eng
495,nso
496,ssw
497,eng
498,ven
499,eng
500,eng
501,nbl
502,ssw
503,eng
504,ssw
505,eng
506,afr
507,eng
508,eng
509,afr
510,eng
511,ssw
512,eng
513,eng
514,nso
515,afr
516,eng
517,eng
518,tsn
519,tso
520,ssw
521,ssw
522,eng
523,eng
524,nso
525,afr
526,eng
527,xho
528,eng
529,ssw
530,eng
531,nso
532,ssw
533,eng
534,eng
535,eng
536,eng
537,eng
538,eng
539,ven
540,eng
541,eng
542,zul
543,eng
544,eng
545,eng
546,tso
547,eng
548,eng
549,eng
550,ssw
551,eng
552,eng
553,eng
554,ssw
555,ssw
556,eng
557,ssw
558,eng
559,ssw
560,ssw
561,eng
562,eng
563,afr
564,eng
565,ssw
566,xho
567,ssw
568,ssw
569,ssw
570,ssw
571,eng
572,nso
573,eng
574,eng
575,tsn
576,tsn
577,eng
578,nbl
579,eng
580,ven
581,eng
582,eng
583,eng
584,eng
585,ssw
586,ven
587,eng
588,eng
589,afr
590,ssw
591,eng
592,eng
593,ssw
594,afr
595,ssw
596,eng
597,ssw
598,ven
599,ssw
600,ssw
601,nbl
602,eng
603,ssw
604,nso
605,eng
606,eng
607,eng
608,eng
609,tsn
610,ven
611,eng
612,sot
613,ssw
614,ssw
615,afr
616,eng
617,nso
618,eng
619,ssw
620,eng
621,tso
622,eng
623,xho
624,zul
625,ssw
626,eng
627,xho
628,eng
629,ven
630,eng
631,eng
632,eng
633,eng
634,eng
635,afr
636,eng
637,ssw
638,eng
639,eng
640,eng
641,eng
642,tso
643,eng
644,eng
645,ssw
646,eng
647,eng
648,eng
649,eng
650,sot
651,eng
652,tsn
653,ven
654,ssw
655,eng
656,afr
657,ssw
658,sot
659,ssw
660,eng
661,eng
662,eng
663,eng
664,tso
665,ven
666,nbl
667,ssw
668,eng
669,sot
670,eng
671,ssw
672,afr
673,ssw
674,eng
675,eng
676,eng
677,eng
678,afr
679,eng
680,nso
681,eng
682,eng
683,xho
684,eng
685,ssw
686,nbl
687,eng
688,eng
689,nso
690,eng
691,eng
692,afr
693,eng
694,afr
695,eng
696,eng
697,eng
698,eng
699,nso
700,eng
701,eng
702,tso
703,eng
704,eng
705,eng
706,nso
707,xho
708,eng
709,eng
710,eng
711,eng
712,ssw
713,ssw
714,tso
715,ven
716,sot
717,ssw
718,tso
719,ssw
720,eng
721,ssw
722,ssw
723,xho
724,eng
725,xho
726,eng
727,eng
728,eng
729,eng
730,eng
731,xho
732,sot
733,eng
734,sot
735,eng
736,afr
737,eng
738,eng
739,eng
740,tsn
741,ssw
742,sot
743,eng
744,ssw
745,eng
746,eng
747,eng
748,eng
749,eng
750,ssw
751,ssw
752,afr
753,xho
754,eng
755,eng
756,eng
757,eng
758,tso
759,eng
760,ssw
761,eng
762,tsn
763,eng
764,eng
765,xho
766,ssw
767,eng
768,eng
769,sot
770,eng
771,eng
772,eng
773,ssw
774,afr
775,eng
776,eng
777,ssw
778,ssw
779,afr
780,ssw
781,nbl
782,eng
783,afr
784,eng
785,sot
786,afr
787,xho
788,ssw
789,eng
790,eng
791,ssw
792,eng
793,nbl
794,ssw
795,eng
796,eng
797,eng
798,xho
799,eng
800,eng
801,eng
802,afr
803,eng
804,eng
805,eng
806,eng
807,nso
808,afr
809,eng
810,ssw
811,eng
812,nso
813,ssw
814,eng
815,ssw
816,eng
817,eng
818,eng
819,afr
820,eng
821,afr
822,eng
823,eng
824,eng
825,nso
826,sot
827,eng
828,nso
829,eng
830,eng
831,eng
832,ssw
833,ssw
834,ssw
835,eng
836,eng
837,eng
838,afr
839,eng
840,eng
841,eng
842,eng
843,eng
844,tsn
845,tsn
846,eng
847,eng
848,ssw
849,ssw
850,eng
851,eng
852,eng
853,eng
854,nbl
855,eng
856,eng
857,afr
858,eng
859,eng
860,afr
861,nbl
862,ssw
863,eng
864,nso
865,ssw
866,xho
867,ssw
868,afr
869,ssw
870,ssw
871,nso
872,nbl
873,eng
874,tso
875,ssw
876,sot
877,eng
878,eng
879,eng
880,zul
881,eng
882,eng
883,eng
884,eng
885,xho
886,eng
887,ssw
888,eng
889,afr
890,ssw
891,eng
892,eng
893,ssw
894,eng
895,ssw
896,eng
897,ven
898,eng
899,eng
900,ssw
901,eng
902,ssw
903,eng
904,eng
905,sot
906,ssw
907,ssw
908,xho
909,eng
910,eng
911,nbl
912,eng
913,eng
914,nso
915,eng
916,nbl
917,ven
918,eng
919,eng
920,eng
921,eng
922,ssw
923,eng
924,afr
925,sot
926,ven
927,sot
928,ssw
929,afr
930,xho
931,eng
932,tso
933,eng
934,tsn
935,ssw
936,xho
937,nbl
938,eng
939,nso
940,eng
941,eng
942,tsn
943,ssw
944,ssw
945,ssw
946,afr
947,ven
948,nso
949,eng
950,eng
951,eng
952,eng
953,sot
954,eng
955,eng
956,sot
957,eng
958,ssw
959,ssw
960,ssw
961,nso
962,eng
963,eng
964,ssw
965,afr
966,nso
967,afr
968,tso
969,nso
970,eng
971,eng
972,ven
973,eng
974,eng
975,eng
976,eng
977,eng
978,eng
979,tsn
980,zul
981,eng
982,eng
983,afr
984,afr
985,eng
986,ssw
987,ssw
988,nbl
989,afr
990,eng
991,eng
992,xho
993,ssw
994,eng
995,eng
996,eng
997,nso
998,afr
999,eng
1000,eng
1001,eng
1002,ssw
1003,ssw
1004,ssw
1005,afr
1006,ssw
1007,eng
1008,ssw
1009,eng
1010,ssw
1011,eng
1012,eng
1013,eng
1014,xho
1015,eng
1016,eng
1017,sot
1018,afr
1019,eng
1020,eng
1021,eng
1022,eng
1023,afr
1024,tso
1025,nbl
1026,afr
1027,ssw
1028,afr
1029,ssw
1030,ssw
1031,eng
1032,eng
1033,nbl
1034,ssw
1035,sot
1036,ssw
1037,eng
1038,ssw
1039,nso
1040,eng
1041,tso
1042,eng
1043,eng
1044,ssw
1045,tso
1046,afr
1047,eng
1048,eng
1049,eng
1050,ssw
1051,eng
1052,ssw
1053,ssw
1054,tsn
1055,nso
1056,eng
1057,sot
1058,eng
1059,tsn
1060,eng
1061,eng
1062,xho
1063,eng
1064,nso
1065,ssw
1066,ssw
1067,eng
1068,ssw
1069,eng
1070,eng
1071,eng
1072,sot
1073,tso
1074,eng
1075,nso
1076,eng
1077,eng
1078,eng
1079,eng
1080,eng
1081,eng
1082,eng
1083,ssw
1084,eng
1085,eng
1086,eng
1087,eng
1088,eng
1089,ssw
1090,ssw
1091,eng
1092,ssw
1093,eng
1094,tso
1095,ssw
1096,eng
1097,tso
1098,eng
1099,eng
1100,eng
1101,eng
1102,eng
1103,eng
1104,eng
1105,eng
1106,ssw
1107,eng
1108,eng
1109,eng
1110,ven
1111,eng
1112,eng
1113,tso
1114,ssw
1115,afr
1116,afr
1117,afr
1118,eng
1119,nso
1120,ven
1121,ssw
1122,ssw
1123,ssw
1124,afr
1125,nso
1126,tso
1127,eng
1128,tso
1129,afr
1130,ssw
1131,sot
1132,afr
1133,eng
1134,nbl
1135,eng
1136,eng
1137,tsn
1138,ssw
1139,eng
1140,eng
1141,eng
1142,afr
1143,eng
1144,tso
1145,eng
1146,eng
1147,eng
1148,eng
1149,nso
1150,eng
1151,ven
1152,eng
1153,nso
1154,eng
1155,ssw
1156,eng
1157,eng
1158,ssw
1159,eng
1160,afr
1161,eng
1162,xho
1163,eng
1164,eng
1165,eng
1166,eng
1167,ssw
1168,ssw
1169,eng
1170,eng
1171,eng
1172,eng
1173,eng
1174,ssw
1175,eng
1176,ssw
1177,ssw
1178,ssw
1179,eng
1180,eng
1181,eng
1182,eng
1183,eng
1184,ssw
1185,eng
1186,eng
1187,ven
1188,eng
1189,eng
1190,ssw
1191,eng
1192,ssw
1193,eng
1194,eng
1195,eng
1196,eng
1197,eng
1198,eng
1199,ssw
1200,eng
1201,eng
1202,eng
1203,ssw
1204,eng
1205,eng
1206,afr
1207,eng
1208,tsn
1209,eng
1210,ssw
1211,tsn
1212,nso
1213,eng
1214,ssw
1215,eng
1216,xho
1217,afr
1218,eng
1219,eng
1220,afr
1221,ssw
1222,ssw
1223,afr
1224,eng
1225,ssw
1226,eng
1227,eng
1228,eng
1229,eng
1230,eng
1231,eng
1232,eng
1233,ven
1234,nso
1235,ssw
1236,ven
1237,eng
1238,afr
1239,eng
1240,sot
1241,afr
1242,eng
1243,ssw
1244,ssw
1245,ssw
1246,ssw
1247,eng
1248,eng
1249,eng
1250,ssw
1251,eng
1252,eng
1253,eng
1254,eng
1255,eng
1256,ven
1257,nso
1258,eng
1259,ssw
1260,ssw
1261,eng
1262,eng
1263,eng
1264,eng
1265,ssw
1266,afr
1267,tso
1268,eng
1269,ssw
1270,eng
1271,xho
1272,eng
1273,eng
1274,ssw
1275,ssw
1276,afr
1277,eng
1278,xho
1279,eng
1280,tso
1281,xho
1282,eng
1283,eng
1284,eng
1285,afr
1286,eng
1287,eng
1288,eng
1289,ssw
1290,eng
1291,afr
1292,eng
1293,eng
1294,ven
1295,eng
1296,ven
1297,eng
1298,ssw
1299,ssw
1300,eng
1301,ssw
1302,ssw
1303,eng
1304,ven
1305,sot
1306,eng
1307,ssw
1308,eng
1309,afr
1310,eng
1311,eng
1312,eng
1313,nso
1314,eng
1315,ssw
1316,eng
1317,eng
1318,eng
1319,eng
1320,eng
1321,afr
1322,eng
1323,afr
1324,eng
1325,sot
1326,eng
1327,eng
1328,tso
1329,eng
1330,ssw
1331,eng
1332,eng
1333,tso
1334,ven
1335,ssw
1336,eng
1337,eng
1338,sot
1339,afr
1340,eng
1341,eng
1342,ssw
1343,nso
1344,eng
1345,ssw
1346,eng
1347,eng
1348,eng
1349,eng
1350,tso
1351,tso
1352,ssw
1353,ssw
1354,eng
1355,eng
1356,eng
1357,nbl
1358,eng
1359,eng
1360,eng
1361,ssw
1362,eng
1363,nso
1364,afr
1365,sot
1366,eng
1367,nso
1368,eng
1369,tso
1370,eng
1371,eng
1372,ven
1373,xho
1374,eng
1375,eng
1376,ssw
1377,eng
1378,eng
1379,eng
1380,eng
1381,eng
1382,eng
1383,eng
1384,eng
1385,eng
1386,xho
1387,eng
1388,eng
1389,eng
1390,eng
1391,ssw
1392,eng
1393,eng
1394,eng
1395,nso
1396,nso
1397,nso
1398,ssw
1399,ssw
1400,eng
1401,eng
1402,eng
1403,afr
1404,eng
1405,ssw
1406,eng
1407,sot
1408,eng
1409,eng
1410,eng
1411,zul
1412,eng
1413,ssw
1414,eng
1415,afr
1416,tso
1417,eng
1418,eng
1419,eng
1420,eng
1421,tsn
1422,eng
1423,ssw
1424,eng
1425,ven
1426,xho
1427,tsn
1428,eng
1429,eng
1430,eng
1431,afr
1432,eng
1433,ssw
1434,eng
1435,ssw
1436,ssw
1437,eng
1438,eng
1439,eng
1440,eng
1441,ssw
1442,eng
1443,eng
1444,nso
1445,eng
1446,afr
1447,eng
1448,sot
1449,xho
1450,eng
1451,ven
1452,eng
1453,eng
1454,eng
1455,ssw
1456,ssw
1457,eng
1458,eng
1459,eng
1460,eng
1461,xho
1462,eng
1463,eng
1464,ven
1465,eng
1466,zul
1467,afr
1468,eng
1469,tsn
1470,ssw
1471,ssw
1472,eng
1473,eng
1474,eng
1475,eng
1476,sot
1477,eng
1478,ven
1479,eng
1480,eng
1481,afr
1482,ssw
1483,eng
1484,eng
1485,sot
1486,ssw
1487,eng
1488,eng
1489,afr
1490,eng
1491,eng
1492,eng
1493,eng
1494,ssw
1495,ven
1496,xho
1497,sot
1498,afr
1499,eng
1500,eng
1501,eng
1502,eng
1503,eng
1504,nso
1505,nso
1506,eng
1507,eng
1508,eng
1509,ssw
1510,eng
1511,eng
1512,eng
1513,eng
1514,nbl
1515,eng
1516,xho
1517,zul
1518,eng
1519,eng
1520,sot
1521,eng
1522,sot
1523,eng
1524,eng
1525,ssw
1526,eng
1527,eng
1528,tsn
1529,eng
1530,afr
1531,eng
1532,ssw
1533,eng
1534,nso
1535,ssw
1536,nso
1537,eng
1538,afr
1539,tso
1540,eng
1541,ven
1542,ssw
1543,ssw
1544,eng
1545,eng
1546,eng
1547,afr
1548,ssw
1549,eng
1550,eng
1551,sot
1552,eng
1553,ssw
1554,ssw
1555,eng
1556,eng
1557,nbl
1558,eng
1559,tsn
1560,ssw
1561,nbl
1562,eng
1563,eng
1564,eng
1565,eng
1566,ssw
1567,eng
1568,ssw
1569,ssw
1570,eng
1571,afr
1572,xho
1573,eng
1574,ssw
1575,ssw
1576,eng
1577,eng
1578,afr
1579,ssw
1580,nbl
1581,eng
1582,eng
1583,ssw
1584,eng
1585,ssw
1586,eng
1587,eng
1588,ven
1589,zul
1590,eng
1591,eng
1592,nso
1593,ssw
1594,eng
1595,eng
1596,eng
1597,nbl
1598,zul
1599,tsn
1600,eng
1601,ssw
1602,eng
1603,eng
1604,eng
1605,ssw
1606,nbl
1607,eng
1608,ssw
1609,eng
1610,eng
1611,ven
1612,eng
1613,nso
1614,eng
1615,eng
1616,sot
1617,ssw
1618,eng
1619,zul
1620,eng
1621,ssw
1622,eng
1623,eng
1624,ven
1625,ssw
1626,ssw
1627,eng
1628,ssw
1629,eng
1630,ssw
1631,eng
1632,eng
1633,tso
1634,eng
1635,eng
1636,eng
1637,ven
1638,eng
1639,eng
1640,afr
1641,ssw
1642,eng
1643,eng
1644,afr
1645,eng
1646,tso
1647,eng
1648,eng
1649,ssw
1650,eng
1651,ssw
1652,nso
1653,ssw
1654,nso
1655,eng
1656,ssw
1657,tso
1658,eng
1659,afr
1660,eng
1661,tso
1662,ssw
1663,eng
1664,eng
1665,eng
1666,eng
1667,afr
1668,ssw
1669,eng
1670,ssw
1671,ssw
1672,eng
1673,eng
1674,eng
1675,afr
1676,eng
1677,afr
1678,eng
1679,eng
1680,eng
1681,ssw
1682,eng
1683,afr
1684,ven
1685,eng
1686,eng
1687,ven
1688,eng
1689,eng
1690,eng
1691,afr
1692,eng
1693,eng
1694,eng
1695,sot
1696,afr
1697,xho
1698,ssw
1699,eng
1700,eng
1701,eng
1702,ssw
1703,ssw
1704,eng
1705,nso
1706,eng
1707,eng
1708,eng
1709,eng
1710,afr
1711,ssw
1712,afr
1713,eng
1714,eng
1715,eng
1716,afr
1717,tsn
1718,eng
1719,eng
1720,tsn
1721,eng
1722,eng
1723,tsn
1724,eng
1725,eng
1726,eng
1727,eng
1728,eng
1729,eng
1730,ssw
1731,ssw
1732,afr
1733,eng
1734,eng
1735,eng
1736,eng
1737,eng
1738,eng
1739,eng
1740,ven
1741,zul
1742,ssw
1743,ven
1744,eng
1745,ssw
1746,eng
1747,eng
1748,eng
1749,eng
1750,ssw
1751,tsn
1752,ssw
1753,tso
1754,afr
1755,eng
1756,eng
1757,ssw
1758,eng
1759,afr
1760,ssw
1761,tsn
1762,eng
1763,nbl
1764,ssw
1765,ssw
1766,eng
1767,eng
1768,ssw
1769,eng
1770,eng
1771,eng
1772,sot
1773,eng
1774,eng
1775,eng
1776,tso
1777,ssw
1778,eng
1779,eng
1780,eng
1781,tso
1782,eng
1783,ssw
1784,nso
1785,tso
1786,eng
1787,eng
1788,eng
1789,ssw
1790,eng
1791,afr
1792,ssw
1793,eng
1794,eng
1795,eng
1796,eng
1797,eng
1798,eng
1799,eng
1800,eng
1801,eng
1802,eng
1803,nso
1804,ssw
1805,ssw
1806,nbl
1807,ven
1808,nso
1809,eng
1810,ven
1811,eng
1812,eng
1813,eng
1814,eng
1815,ssw
1816,tso
1817,eng
1818,nso
1819,eng
1820,ssw
1821,afr
1822,eng
1823,afr
1824,eng
1825,afr
1826,eng
1827,eng
1828,xho
1829,ssw
1830,eng
1831,tso
1832,eng
1833,eng
1834,nso
1835,eng
1836,eng
1837,ven
1838,eng
1839,eng
1840,eng
1841,eng
1842,eng
1843,eng
1844,eng
1845,ssw
1846,nbl
1847,eng
1848,eng
1849,eng
1850,eng
1851,nso
1852,eng
1853,afr
1854,eng
1855,eng
1856,afr
1857,nso
1858,eng
1859,ssw
1860,sot
1861,ssw
1862,eng
1863,tso
1864,eng
1865,eng
1866,eng
1867,ssw
1868,ssw
1869,eng
1870,eng
1871,zul
1872,eng
1873,eng
1874,eng
1875,eng
1876,ssw
1877,eng
1878,ssw
1879,ssw
1880,tso
1881,sot
1882,eng
1883,nso
1884,ssw
1885,eng
1886,eng
1887,eng
1888,eng
1889,eng
1890,ssw
1891,ssw
1892,eng
1893,ssw
1894,nbl
1895,afr
1896,eng
1897,sot
1898,eng
1899,eng
1900,ssw
1901,eng
1902,eng
1903,eng
1904,nso
1905,nso
1906,eng
1907,nso
1908,eng
1909,eng
1910,eng
1911,eng
1912,eng
1913,eng
1914,afr
1915,eng
1916,xho
1917,ssw
1918,eng
1919,tso
1920,tsn
1921,nso
1922,eng
1923,sot
1924,eng
1925,xho
1926,sot
1927,ssw
1928,afr
1929,eng
1930,eng
1931,nso
1932,eng
1933,ssw
1934,eng
1935,eng
1936,nso
1937,xho
1938,eng
1939,eng
1940,ssw
1941,xho
1942,eng
1943,eng
1944,eng
1945,eng
1946,eng
1947,ssw
1948,nbl
1949,xho
1950,ssw
1951,eng
1952,ssw
1953,eng
1954,eng
1955,eng
1956,ssw
1957,ssw
1958,eng
1959,eng
1960,eng
1961,nso
1962,afr
1963,eng
1964,eng
1965,eng
1966,eng
1967,eng
1968,nso
1969,eng
1970,afr
1971,eng
1972,eng
1973,eng
1974,eng
1975,tsn
1976,nso
1977,eng
1978,afr
1979,nso
1980,eng
1981,nso
1982,eng
1983,eng
1984,eng
1985,eng
1986,eng
1987,eng
1988,xho
1989,eng
1990,tso
1991,ssw
1992,tso
1993,tso
1994,ssw
1995,eng
1996,ven
1997,ssw
1998,eng
1999,xho
2000,eng
2001,ssw
2002,eng
2003,nso
2004,xho
2005,ven
2006,eng
2007,ssw
2008,nbl
2009,sot
2010,tsn
2011,eng
2012,xho
2013,ven
2014,eng
2015,eng
2016,eng
2017,eng
2018,eng
2019,eng
2020,eng
2021,sot
2022,eng
2023,tso
2024,eng
2025,ssw
2026,eng
2027,eng
2028,ssw
2029,eng
2030,ssw
2031,eng
2032,xho
2033,ven
2034,eng
2035,eng
2036,eng
2037,ssw
2038,tso
2039,xho
2040,eng
2041,afr
2042,ssw
2043,nso
2044,nbl
2045,eng
2046,eng
2047,eng
2048,eng
2049,eng
2050,afr
2051,eng
2052,eng
2053,nso
2054,nso
2055,eng
2056,afr
2057,eng
2058,ssw
2059,eng
2060,afr
2061,ssw
2062,xho
2063,eng
2064,eng
2065,eng
2066,ssw
2067,eng
2068,eng
2069,eng
2070,ssw
2071,nso
2072,eng
2073,ssw
2074,eng
2075,eng
2076,eng
2077,afr
2078,eng
2079,eng
2080,eng
2081,ssw
2082,eng
2083,eng
2084,eng
2085,xho
2086,nbl
2087,eng
2088,sot
2089,eng
2090,eng
2091,eng
2092,sot
2093,eng
2094,eng
2095,eng
2096,tsn
2097,xho
2098,eng
2099,tso
2100,sot
2101,eng
2102,ssw
2103,eng
2104,eng
2105,ssw
2106,eng
2107,eng
2108,ven
2109,tso
2110,ssw
2111,eng
2112,eng
2113,afr
2114,ssw
2115,eng
2116,eng
2117,ssw
2118,tsn
2119,tsn
2120,ssw
2121,sot
2122,eng
2123,ven
2124,eng
2125,sot
2126,afr
2127,afr
2128,eng
2129,ssw
2130,eng
2131,eng
2132,eng
2133,eng
2134,eng
2135,sot
2136,eng
2137,ssw
2138,eng
2139,sot
2140,eng
2141,eng
2142,sot
2143,ssw
2144,eng
2145,ssw
2146,ssw
2147,ssw
2148,eng
2149,ssw
2150,eng
2151,eng
2152,ssw
2153,ssw
2154,ssw
2155,eng
2156,ssw
2157,xho
2158,eng
2159,nso
2160,ssw
2161,afr
2162,nso
2163,ssw
2164,xho
2165,eng
2166,eng
2167,xho
2168,eng
2169,eng
2170,nso
2171,eng
2172,tso
2173,eng
2174,nso
2175,ven
2176,ssw
2177,eng
2178,ssw
2179,ssw
2180,eng
2181,eng
2182,eng
2183,eng
2184,nbl
2185,eng
2186,eng
2187,eng
2188,eng
2189,ssw
2190,ssw
2191,ssw
2192,ssw
2193,sot
2194,ssw
2195,ssw
2196,eng
2197,tso
2198,ssw
2199,afr
2200,xho
2201,ssw
2202,eng
2203,nso
2204,ssw
2205,eng
2206,eng
2207,eng
2208,xho
2209,eng
2210,ssw
2211,afr
2212,ssw
2213,ven
2214,tsn
2215,ssw
2216,eng
2217,tso
2218,afr
2219,eng
2220,eng
2221,eng
2222,eng
2223,nso
2224,eng
2225,ssw
2226,eng
2227,eng
2228,ssw
2229,ssw
2230,ssw
2231,ssw
2232,ssw
2233,eng
2234,eng
2235,eng
2236,afr
2237,eng
2238,ssw
2239,eng
2240,ssw
2241,eng
2242,ssw
2243,afr
2244,eng
2245,xho
2246,eng
2247,eng
2248,ssw
2249,eng
2250,ssw
2251,eng
2252,eng
2253,eng
2254,eng
2255,eng
2256,ssw
2257,eng
2258,ssw
2259,nso
2260,ssw
2261,eng
2262,eng
2263,eng
2264,nso
2265,afr
2266,tso
2267,eng
2268,ssw
2269,ven
2270,sot
2271,ssw
2272,eng
2273,eng
2274,eng
2275,nso
2276,eng
2277,sot
2278,eng
2279,eng
2280,eng
2281,ven
2282,eng
2283,eng
2284,eng
2285,ssw
2286,eng
2287,eng
2288,eng
2289,eng
2290,ssw
2291,tso
2292,afr
2293,eng
2294,ssw
2295,ssw
2296,xho
2297,eng
2298,eng
2299,sot
2300,eng
2301,sot
2302,ssw
2303,zul
2304,nso
2305,afr
2306,ssw
2307,tsn
2308,eng
2309,nso
2310,eng
2311,eng
2312,tsn
2313,eng
2314,nso
2315,eng
2316,ssw
2317,eng
2318,xho
2319,eng
2320,eng
2321,sot
2322,eng
2323,nbl
2324,eng
2325,eng
2326,eng
2327,nso
2328,ssw
2329,eng
2330,eng
2331,eng
2332,nso
2333,eng
2334,eng
2335,ssw
2336,ven
2337,xho
2338,eng
2339,eng
2340,nso
2341,ssw
2342,nso
2343,eng
2344,eng
2345,eng
2346,eng
2347,ssw
2348,eng
2349,ssw
2350,ssw
2351,eng
2352,eng
2353,afr
2354,eng
2355,ssw
2356,eng
2357,eng
2358,ssw
2359,eng
2360,ssw
2361,eng
2362,eng
2363,eng
2364,eng
2365,eng
2366,eng
2367,nso
2368,nso
2369,afr
2370,zul
2371,eng
2372,afr
2373,xho
2374,eng
2375,eng
2376,ssw
2377,eng
2378,ssw
2379,afr
2380,tso
2381,ssw
2382,xho
2383,eng
2384,afr
2385,eng
2386,eng
2387,eng
2388,eng
2389,eng
2390,tsn
2391,eng
2392,eng
2393,ssw
2394,eng
2395,eng
2396,eng
2397,eng
2398,afr
2399,ven
2400,sot
2401,xho
2402,eng
2403,eng
2404,afr
2405,afr
2406,ssw
2407,eng
2408,afr
2409,ssw
2410,eng
2411,ssw
2412,afr
2413,eng
2414,eng
2415,eng
2416,eng
2417,ven
2418,eng
2419,eng
2420,eng
2421,eng
2422,ssw
2423,tso
2424,eng
2425,afr
2426,eng
2427,afr
2428,eng
2429,tsn
2430,nso
2431,ssw
2432,eng
2433,nbl
2434,eng
2435,eng
2436,ssw
2437,nbl
2438,nbl
2439,ssw
2440,eng
2441,eng
2442,zul
2443,xho
2444,eng
2445,nbl
2446,eng
2447,eng
2448,eng
2449,eng
2450,ssw
2451,ssw
2452,afr
2453,eng
2454,eng
2455,eng
2456,eng
2457,ssw
2458,eng
2459,sot
2460,ssw
2461,afr
2462,eng
2463,ssw
2464,xho
2465,eng
2466,nbl
2467,eng
2468,eng
2469,eng
2470,ssw
2471,afr
2472,ssw
2473,eng
2474,eng
2475,eng
2476,eng
2477,eng
2478,eng
2479,ven
2480,eng
2481,eng
2482,eng
2483,sot
2484,eng
2485,xho
2486,eng
2487,eng
2488,eng
2489,eng
2490,ven
2491,eng
2492,eng
2493,sot
2494,eng
2495,eng
2496,eng
2497,ssw
2498,ssw
2499,ven
2500,eng
2501,eng
2502,eng
2503,afr
2504,tsn
2505,nbl
2506,sot
2507,eng
2508,afr
2509,eng
2510,afr
2511,eng
2512,eng
2513,ssw
2514,xho
2515,eng
2516,nso
2517,ven
2518,eng
2519,ssw
2520,tsn
2521,eng
2522,eng
2523,eng
2524,eng
2525,eng
2526,eng
2527,eng
2528,tso
2529,eng
2530,eng
2531,eng
2532,eng
2533,eng
2534,eng
2535,ssw
2536,ssw
2537,eng
2538,afr
2539,ssw
2540,xho
2541,afr
2542,eng
2543,eng
2544,eng
2545,ven
2546,eng
2547,tso
2548,eng
2549,afr
2550,xho
2551,eng
2552,eng
2553,eng
2554,eng
2555,ssw
2556,ssw
2557,tsn
2558,ssw
2559,eng
2560,eng
2561,ssw
2562,eng
2563,eng
2564,afr
2565,eng
2566,nso
2567,afr
2568,nso
2569,ssw
2570,eng
2571,eng
2572,ssw
2573,ssw
2574,eng
2575,ssw
2576,tsn
2577,xho
2578,eng
2579,nso
2580,nso
2581,eng
2582,nso
2583,eng
2584,eng
2585,tso
2586,eng
2587,sot
2588,eng
2589,ssw
2590,eng
2591,ssw
2592,tsn
2593,eng
2594,eng
2595,ssw
2596,nbl
2597,ssw
2598,eng
2599,tsn
2600,eng
2601,nso
2602,eng
2603,eng
2604,afr
2605,afr
2606,eng
2607,eng
2608,ssw
2609,eng
2610,eng
2611,tsn
2612,eng
2613,afr
2614,eng
2615,eng
2616,eng
2617,ssw
2618,eng
2619,xho
2620,ven
2621,tsn
2622,afr
2623,eng
2624,eng
2625,eng
2626,eng
2627,ssw
2628,eng
2629,eng
2630,nso
2631,xho
2632,nbl
2633,eng
2634,eng
2635,eng
2636,eng
2637,eng
2638,eng
2639,eng
2640,eng
2641,afr
2642,ssw
2643,eng
2644,afr
2645,eng
2646,eng
2647,eng
2648,nso
2649,eng
2650,eng
2651,eng
2652,eng
2653,eng
2654,eng
2655,eng
2656,eng
2657,ssw
2658,ssw
2659,eng
2660,ssw
2661,eng
2662,eng
2663,eng
2664,ven
2665,xho
2666,eng
2667,sot
2668,eng
2669,eng
2670,nso
2671,eng
2672,ven
2673,ssw
2674,eng
2675,eng
2676,eng
2677,eng
2678,eng
2679,eng
2680,eng
2681,ssw
2682,xho
2683,ssw
2684,eng
2685,ssw
2686,eng
2687,eng
2688,sot
2689,eng
2690,eng
2691,tso
2692,ssw
2693,eng
2694,eng
2695,ven
2696,afr
2697,eng
2698,eng
2699,eng
2700,eng
2701,eng
2702,eng
2703,eng
2704,eng
2705,eng
2706,ssw
2707,sot
2708,eng
2709,eng
2710,eng
2711,eng
2712,eng
2713,eng
2714,nso
2715,eng
2716,eng
2717,eng
2718,sot
2719,eng
2720,afr
2721,ssw
2722,tso
2723,tsn
2724,eng
2725,eng
2726,afr
2727,ssw
2728,eng
2729,ssw
2730,eng
2731,eng
2732,eng
2733,eng
2734,ssw
2735,afr
2736,nso
2737,sot
2738,eng
2739,ssw
2740,nso
2741,ven
2742,ssw
2743,nso
2744,eng
2745,eng
2746,eng
2747,afr
2748,ssw
2749,nso
2750,eng
2751,afr
2752,eng
2753,eng
2754,ssw
2755,ven
2756,eng
2757,ssw
2758,eng
2759,eng
2760,tsn
2761,afr
2762,nso
2763,eng
2764,afr
2765,eng
2766,eng
2767,eng
2768,eng
2769,sot
2770,ssw
2771,eng
2772,eng
2773,afr
2774,eng
2775,afr
2776,eng
2777,ssw
2778,eng
2779,afr
2780,eng
2781,eng
2782,eng
2783,tsn
2784,xho
2785,afr
2786,eng
2787,eng
2788,ssw
2789,ven
2790,ssw
2791,eng
2792,afr
2793,eng
2794,ven
2795,tso
2796,eng
2797,ssw
2798,eng
2799,ven
2800,eng
2801,ssw
2802,ssw
2803,afr
2804,ssw
2805,tsn
2806,eng
2807,eng
2808,eng
2809,afr
2810,eng
2811,eng
2812,eng
2813,ssw
2814,eng
2815,eng
2816,ssw
2817,eng
2818,ssw
2819,eng
2820,ssw
2821,eng
2822,eng
2823,ssw
2824,ssw
2825,nso
2826,ssw
2827,eng
2828,eng
2829,eng
2830,eng
2831,ssw
2832,ssw
2833,eng
2834,eng
2835,eng
2836,afr
2837,eng
2838,tso
2839,ssw
2840,eng
2841,eng
2842,ssw
2843,ssw
2844,eng
2845,eng
2846,afr
2847,eng
2848,eng
2849,ssw
2850,ssw
2851,ssw
2852,ven
2853,eng
2854,eng
2855,eng
2856,tsn
2857,ssw
2858,eng
2859,tsn
2860,eng
2861,eng
2862,ssw
2863,eng
2864,nbl
2865,eng
2866,eng
2867,eng
2868,eng
2869,afr
2870,ssw
2871,afr
2872,ssw
2873,tsn
2874,eng
2875,ssw
2876,ven
2877,eng
2878,ssw
2879,eng
2880,eng
2881,ssw
2882,ssw
2883,ssw
2884,eng
2885,ssw
2886,eng
2887,ssw
2888,eng
2889,eng
2890,ssw
2891,eng
2892,eng
2893,eng
2894,ssw
2895,eng
2896,xho
2897,ssw
2898,eng
2899,eng
2900,tsn
2901,ssw
2902,ssw
2903,tso
2904,xho
2905,sot
2906,ssw
2907,eng
2908,eng
2909,afr
2910,nso
2911,eng
2912,nso
2913,afr
2914,eng
2915,eng
2916,ven
2917,eng
2918,eng
2919,ssw
2920,ssw
2921,eng
2922,sot
2923,eng
2924,sot
2925,xho
2926,afr
2927,eng
2928,eng
2929,eng
2930,eng
2931,eng
2932,afr
2933,eng
2934,nbl
2935,eng
2936,eng
2937,ssw
2938,ssw
2939,nso
2940,afr
2941,eng
2942,eng
2943,afr
2944,eng
2945,sot
2946,eng
2947,eng
2948,ssw
2949,eng
2950,eng
2951,ssw
2952,eng
2953,afr
2954,eng
2955,eng
2956,eng
2957,eng
2958,eng
2959,eng
2960,tsn
2961,eng
2962,ssw
2963,ssw
2964,eng
2965,eng
2966,ssw
2967,nso
2968,xho
2969,afr
2970,tso
2971,afr
2972,eng
2973,xho
2974,eng
2975,ssw
2976,eng
2977,eng
2978,eng
2979,xho
2980,eng
2981,eng
2982,sot
2983,ssw
2984,eng
2985,ssw
2986,eng
2987,eng
2988,eng
2989,eng
2990,ven
2991,ven
2992,eng
2993,afr
2994,eng
2995,eng
2996,sot
2997,afr
2998,eng
2999,eng
3000,eng
3001,tso
3002,tsn
3003,eng
3004,eng
3005,eng
3006,afr
3007,eng
3008,ssw
3009,sot
3010,eng
3011,eng
3012,eng
3013,eng
3014,afr
3015,afr
3016,ssw
3017,eng
3018,eng
3019,ssw
3020,eng
3021,eng
3022,ssw
3023,eng
3024,eng
3025,xho
3026,afr
3027,tsn
3028,eng
3029,ven
3030,eng
3031,eng
3032,eng
3033,eng
3034,afr
3035,tsn
3036,sot
3037,nbl
3038,ssw
3039,eng
3040,eng
3041,nbl
3042,nso
3043,eng
3044,ven
3045,eng
3046,eng
3047,ssw
3048,eng
3049,eng
3050,ssw
3051,eng
3052,eng
3053,ssw
3054,eng
3055,nso
3056,eng
3057,nso
3058,eng
3059,afr
3060,afr
3061,eng
3062,eng
3063,ven
3064,eng
3065,eng
3066,ssw
3067,xho
3068,eng
3069,eng
3070,eng
3071,ssw
3072,eng
3073,afr
3074,eng
3075,eng
3076,nso
3077,ssw
3078,eng
3079,eng
3080,eng
3081,eng
3082,eng
3083,eng
3084,eng
3085,ssw
3086,eng
3087,eng
3088,eng
3089,zul
3090,eng
3091,nbl
3092,ssw
3093,sot
3094,eng
3095,eng
3096,eng
3097,afr
3098,eng
3099,eng
3100,xho
3101,nso
3102,ssw
3103,eng
3104,sot
3105,ssw
3106,eng
3107,eng
3108,eng
3109,xho
3110,eng
3111,eng
3112,eng
3113,ssw
3114,eng
3115,ssw
3116,ssw
3117,afr
3118,eng
3119,eng
3120,ssw
3121,eng
3122,eng
3123,ssw
3124,ssw
3125,eng
3126,eng
3127,eng
3128,eng
3129,eng
3130,ssw
3131,eng
3132,eng
3133,eng
3134,eng
3135,xho
3136,nso
3137,eng
3138,ssw
3139,ven
3140,afr
3141,ssw
3142,xho
3143,eng
3144,ssw
3145,ven
3146,xho
3147,eng
3148,afr
3149,eng
3150,ssw
3151,eng
3152,eng
3153,ssw
3154,ssw
3155,eng
3156,xho
3157,afr
3158,xho
3159,eng
3160,tso
3161,eng
3162,xho
3163,ssw
3164,nbl
3165,eng
3166,eng
3167,eng
3168,afr
3169,eng
3170,eng
3171,eng
3172,afr
3173,ssw
3174,eng
3175,ssw
3176,afr
3177,eng
3178,ssw
3179,xho
3180,ssw
3181,eng
3182,eng
3183,ssw
3184,eng
3185,ssw
3186,eng
3187,eng
3188,afr
3189,afr
3190,ssw
3191,ssw
3192,tso
3193,ssw
3194,nso
3195,eng
3196,eng
3197,xho
3198,ssw
3199,ssw
3200,nso
3201,xho
3202,ssw
3203,eng
3204,eng
3205,eng
3206,afr
3207,afr
3208,ssw
3209,eng
3210,nso
3211,xho
3212,eng
3213,eng
3214,eng
3215,xho
3216,eng
3217,eng
3218,xho
3219,ssw
3220,eng
3221,xho
3222,ssw
3223,ven
3224,eng
3225,tso
3226,eng
3227,ssw
3228,eng
3229,eng
3230,ssw
3231,afr
3232,afr
3233,nbl
3234,eng
3235,eng
3236,ssw
3237,ssw
3238,sot
3239,eng
3240,eng
3241,eng
3242,eng
3243,ssw
3244,tsn
3245,eng
3246,eng
3247,nbl
3248,eng
3249,ven
3250,ssw
3251,eng
3252,ssw
3253,eng
3254,eng
3255,xho
3256,ven
3257,eng
3258,tsn
3259,tsn
3260,eng
3261,ven
3262,eng
3263,eng
3264,tso
3265,eng
3266,eng
3267,ssw
3268,eng
3269,eng
3270,eng
3271,eng
3272,eng
3273,eng
3274,afr
3275,ssw
3276,ssw
3277,eng
3278,eng
3279,eng
3280,tsn
3281,eng
3282,ssw
3283,eng
3284,eng
3285,eng
3286,eng
3287,eng
3288,eng
3289,eng
3290,eng
3291,eng
3292,eng
3293,nso
3294,eng
3295,afr
3296,eng
3297,ssw
3298,eng
3299,eng
3300,sot
3301,eng
3302,ssw
3303,eng
3304,afr
3305,tso
3306,eng
3307,tsn
3308,eng
3309,ssw
3310,eng
3311,nso
3312,nso
3313,sot
3314,eng
3315,nbl
3316,eng
3317,nso
3318,ssw
3319,afr
3320,eng
3321,eng
3322,eng
3323,sot
3324,eng
3325,afr
3326,eng
3327,ssw
3328,nso
3329,eng
3330,afr
3331,afr
3332,eng
3333,ssw
3334,eng
3335,nbl
3336,ssw
3337,eng
3338,ssw
3339,ven
3340,ssw
3341,eng
3342,tso
3343,nso
3344,tso
3345,ven
3346,eng
3347,ssw
3348,eng
3349,eng
3350,ssw
3351,eng
3352,eng
3353,ssw
3354,tso
3355,eng
3356,sot
3357,afr
3358,eng
3359,eng
3360,eng
3361,eng
3362,eng
3363,eng
3364,eng
3365,ven
3366,tsn
3367,eng
3368,eng
3369,eng
3370,eng
3371,tsn
3372,ssw
3373,eng
3374,eng
3375,ssw
3376,eng
3377,xho
3378,eng
3379,afr
3380,sot
3381,ssw
3382,ssw
3383,ssw
3384,ssw
3385,nso
3386,ssw
3387,ssw
3388,eng
3389,tso
3390,eng
3391,eng
3392,ssw
3393,eng
3394,eng
3395,eng
3396,eng
3397,eng
3398,zul
3399,ssw
3400,tsn
3401,ssw
3402,eng
3403,eng
3404,eng
3405,eng
3406,eng
3407,ssw
3408,ssw
3409,eng
3410,eng
3411,eng
3412,eng
3413,eng
3414,eng
3415,eng
3416,eng
3417,eng
3418,eng
3419,ssw
3420,eng
3421,eng
3422,eng
3423,ssw
3424,eng
3425,eng
3426,eng
3427,nso
3428,eng
3429,ssw
3430,afr
3431,ssw
3432,eng
3433,eng
3434,eng
3435,eng
3436,eng
3437,eng
3438,afr
3439,ssw
3440,tso
3441,eng
3442,eng
3443,eng
3444,ssw
3445,eng
3446,eng
3447,eng
3448,eng
3449,ssw
3450,eng
3451,afr
3452,xho
3453,afr
3454,nbl
3455,eng
3456,eng
3457,nso
3458,ssw
3459,eng
3460,ssw
3461,eng
3462,ssw
3463,eng
3464,ssw
3465,eng
3466,ssw
3467,eng
3468,tso
3469,ssw
3470,ssw
3471,eng
3472,eng
3473,afr
3474,eng
3475,xho
3476,eng
3477,afr
3478,eng
3479,eng
3480,nso
3481,eng
3482,eng
3483,eng
3484,xho
3485,sot
3486,xho
3487,eng
3488,ssw
3489,eng
3490,eng
3491,eng
3492,eng
3493,eng
3494,ssw
3495,ssw
3496,ssw
3497,ssw
3498,nso
3499,eng
3500,eng
3501,eng
3502,eng
3503,eng
3504,xho
3505,ven
3506,eng
3507,ven
3508,eng
3509,ssw
3510,ven
3511,tsn
3512,eng
3513,eng
3514,ssw
3515,ssw
3516,ssw
3517,ven
3518,eng
3519,ven
3520,eng
3521,afr
3522,eng
3523,sot
3524,eng
3525,eng
3526,eng
3527,ssw
3528,eng
3529,eng
3530,afr
3531,ven
3532,ssw
3533,nso
3534,eng
3535,eng
3536,eng
3537,eng
3538,eng
3539,ssw
3540,eng
3541,ssw
3542,nso
3543,eng
3544,eng
3545,eng
3546,eng
3547,nso
3548,eng
3549,eng
3550,eng
3551,eng
3552,ven
3553,eng
3554,xho
3555,xho
3556,eng
3557,nso
3558,nso
3559,eng
3560,eng
3561,nso
3562,ssw
3563,eng
3564,ssw
3565,ssw
3566,eng
3567,ssw
3568,eng
3569,eng
3570,ssw
3571,ssw
3572,nso
3573,afr
3574,ssw
3575,eng
3576,eng
3577,eng
3578,afr
3579,ven
3580,eng
3581,eng
3582,nso
3583,ssw
3584,eng
3585,eng
3586,eng
3587,eng
3588,eng
3589,eng
3590,ssw
3591,eng
3592,eng
3593,eng
3594,eng
3595,ssw
3596,tsn
3597,tso
3598,eng
3599,afr
3600,eng
3601,ssw
3602,eng
3603,eng
3604,eng
3605,eng
3606,afr
3607,eng
3608,eng
3609,nso
3610,eng
3611,ssw
3612,eng
3613,ssw
3614,afr
3615,eng
3616,eng
3617,ssw
3618,eng
3619,eng
3620,ssw
3621,eng
3622,ssw
3623,ssw
3624,eng
3625,eng
3626,ssw
3627,eng
3628,afr
3629,eng
3630,eng
3631,afr
3632,sot
3633,afr
3634,eng
3635,eng
3636,eng
3637,eng
3638,ssw
3639,sot
3640,eng
3641,eng
3642,eng
3643,ssw
3644,afr
3645,afr
3646,eng
3647,eng
3648,eng
3649,eng
3650,eng
3651,ssw
3652,ssw
3653,nso
3654,tsn
3655,ssw
3656,sot
3657,nso
3658,sot
3659,eng
3660,eng
3661,eng
3662,eng
3663,eng
3664,eng
3665,sot
3666,eng
3667,ssw
3668,xho
3669,eng
3670,eng
3671,eng
3672,tso
3673,eng
3674,ssw
3675,tsn
3676,ssw
3677,eng
3678,eng
3679,eng
3680,ssw
3681,eng
3682,zul
3683,tsn
3684,tso
3685,eng
3686,sot
3687,eng
3688,ssw
3689,eng
3690,sot
3691,eng
3692,ssw
3693,eng
3694,ssw
3695,sot
3696,sot
3697,ssw
3698,eng
3699,eng
3700,eng
3701,eng
3702,eng
3703,ssw
3704,eng
3705,eng
3706,eng
3707,ssw
3708,eng
3709,afr
3710,sot
3711,eng
3712,eng
3713,eng
3714,eng
3715,eng
3716,nbl
3717,afr
3718,eng
3719,nso
3720,eng
3721,eng
3722,eng
3723,eng
3724,eng
3725,eng
3726,eng
3727,eng
3728,eng
3729,eng
3730,ssw
3731,ssw
3732,eng
3733,eng
3734,eng
3735,ssw
3736,eng
3737,eng
3738,ssw
3739,ssw
3740,eng
3741,tsn
3742,eng
3743,eng
3744,eng
3745,eng
3746,eng
3747,eng
3748,ssw
3749,tsn
3750,ssw
3751,eng
3752,ssw
3753,nso
3754,eng
3755,nbl
3756,nso
3757,sot
3758,ssw
3759,eng
3760,ssw
3761,xho
3762,nso
3763,eng
3764,eng
3765,eng
3766,eng
3767,eng
3768,xho
3769,eng
3770,eng
3771,ssw
3772,eng
3773,eng
3774,eng
3775,eng
3776,eng
3777,ssw
3778,ssw
3779,ssw
3780,eng
3781,eng
3782,sot
3783,ssw
3784,ssw
3785,eng
3786,eng
3787,eng
3788,xho
3789,eng
3790,eng
3791,afr
3792,eng
3793,eng
3794,ssw
3795,afr
3796,nso
3797,nso
3798,ssw
3799,ssw
3800,eng
3801,eng
3802,eng
3803,ssw
3804,eng
3805,ssw
3806,eng
3807,eng
3808,ssw
3809,eng
3810,eng
3811,eng
3812,eng
3813,eng
3814,nbl
3815,eng
3816,eng
3817,ssw
3818,ssw
3819,eng
3820,ssw
3821,eng
3822,eng
3823,eng
3824,eng
3825,ssw
3826,eng
3827,ssw
3828,afr
3829,ssw
3830,ssw
3831,ssw
3832,eng
3833,eng
3834,eng
3835,nso
3836,eng
3837,eng
3838,ssw
3839,eng
3840,ssw
3841,nso
3842,ven
3843,eng
3844,eng
3845,zul
3846,ven
3847,ven
3848,sot
3849,nso
3850,eng
3851,eng
3852,eng
3853,ven
3854,eng
3855,eng
3856,ssw
3857,eng
3858,eng
3859,sot
3860,eng
3861,eng
3862,eng
3863,eng
3864,eng
3865,eng
3866,afr
3867,afr
3868,nso
3869,eng
3870,eng
3871,eng
3872,ven
3873,ssw
3874,eng
3875,afr
3876,eng
3877,eng
3878,ssw
3879,eng
3880,eng
3881,nso
3882,zul
3883,sot
3884,eng
3885,eng
3886,ven
3887,ssw
3888,eng
3889,sot
3890,afr
3891,ssw
3892,eng
3893,eng
3894,eng
3895,eng
3896,ssw
3897,eng
3898,ssw
3899,eng
3900,ssw
3901,ssw
3902,nso
3903,eng
3904,eng
3905,ssw
3906,nso
3907,eng
3908,ssw
3909,eng
3910,eng
3911,eng
3912,eng
3913,eng
3914,eng
3915,afr
3916,sot
3917,ssw
3918,nso
3919,eng
3920,eng
3921,ssw
3922,eng
3923,tsn
3924,ssw
3925,nbl
3926,eng
3927,eng
3928,eng
3929,eng
3930,eng
3931,ssw
3932,xho
3933,ssw
3934,nso
3935,eng
3936,xho
3937,eng
3938,tso
3939,eng
3940,ssw
3941,eng
3942,eng
3943,ssw
3944,tso
3945,eng
3946,nso
3947,eng
3948,eng
3949,ssw
3950,eng
3951,ssw
3952,eng
3953,sot
3954,eng
3955,eng
3956,eng
3957,eng
3958,ssw
3959,eng
3960,eng
3961,ssw
3962,eng
3963,eng
3964,eng
3965,ssw
3966,ssw
3967,eng
3968,xho
3969,eng
3970,nso
3971,eng
3972,eng
3973,ssw
3974,ssw
3975,eng
3976,eng
3977,eng
3978,eng
3979,eng
3980,nso
3981,eng
3982,eng
3983,eng
3984,eng
3985,sot
3986,eng
3987,eng
3988,afr
3989,ssw
3990,eng
3991,ven
3992,xho
3993,afr
3994,eng
3995,ssw
3996,eng
3997,ssw
3998,xho
3999,ssw
4000,ven
4001,eng
4002,ssw
4003,eng
4004,eng
4005,eng
4006,eng
4007,eng
4008,ssw
4009,eng
4010,nso
4011,eng
4012,eng
4013,eng
4014,nso
4015,tso
4016,ssw
4017,eng
4018,ssw
4019,eng
4020,eng
4021,eng
4022,ssw
4023,eng
4024,tso
4025,ssw
4026,eng
4027,xho
4028,eng
4029,eng
4030,nbl
4031,ssw
4032,xho
4033,eng
4034,afr
4035,ssw
4036,nso
4037,ssw
4038,sot
4039,eng
4040,sot
4041,ssw
4042,eng
4043,eng
4044,ssw
4045,eng
4046,eng
4047,eng
4048,ssw
4049,xho
4050,eng
4051,eng
4052,ssw
4053,eng
4054,eng
4055,eng
4056,eng
4057,eng
4058,ssw
4059,nso
4060,afr
4061,ssw
4062,eng
4063,eng
4064,eng
4065,sot
4066,ssw
4067,eng
4068,afr
4069,ssw
4070,eng
4071,eng
4072,eng
4073,ssw
4074,eng
4075,eng
4076,eng
4077,ven
4078,eng
4079,afr
4080,eng
4081,ssw
4082,afr
4083,eng
4084,eng
4085,eng
4086,afr
4087,eng
4088,sot
4089,eng
4090,tso
4091,eng
4092,eng
4093,tsn
4094,tsn
4095,xho
4096,afr
4097,eng
4098,eng
4099,afr
4100,ssw
4101,ssw
4102,eng
4103,xho
4104,eng
4105,tsn
4106,ssw
4107,eng
4108,afr
4109,xho
4110,eng
4111,xho
4112,eng
4113,eng
4114,eng
4115,ven
4116,sot
4117,ssw
4118,ssw
4119,ven
4120,eng
4121,afr
4122,eng
4123,ssw
4124,eng
4125,ssw
4126,eng
4127,nso
4128,sot
4129,eng
4130,eng
4131,ssw
4132,ssw
4133,nso
4134,nso
4135,ssw
4136,afr
4137,eng
4138,eng
4139,ssw
4140,eng
4141,xho
4142,ssw
4143,eng
4144,eng
4145,eng
4146,eng
4147,nso
4148,eng
4149,eng
4150,afr
4151,eng
4152,eng
4153,eng
4154,eng
4155,eng
4156,eng
4157,eng
4158,ssw
4159,eng
4160,eng
4161,eng
4162,eng
4163,eng
4164,ssw
4165,eng
4166,ven
4167,eng
4168,ssw
4169,nso
4170,nso
4171,tsn
4172,eng
4173,eng
4174,ssw
4175,eng
4176,eng
4177,eng
4178,tso
4179,nso
4180,sot
4181,eng
4182,eng
4183,eng
4184,ssw
4185,eng
4186,eng
4187,eng
4188,eng
4189,eng
4190,zul
4191,eng
4192,eng
4193,xho
4194,afr
4195,tsn
4196,nbl
4197,eng
4198,afr
4199,eng
4200,eng
4201,eng
4202,eng
4203,nso
4204,eng
4205,eng
4206,eng
4207,eng
4208,eng
4209,eng
4210,eng
4211,nso
4212,ssw
4213,nbl
4214,ssw
4215,ssw
4216,eng
4217,tso
4218,eng
4219,eng
4220,ssw
4221,eng
4222,eng
4223,nso
4224,eng
4225,afr
4226,nbl
4227,eng
4228,tsn
4229,eng
4230,eng
4231,eng
4232,nso
4233,tso
4234,tsn
4235,nso
4236,ssw
4237,ssw
4238,eng
4239,ssw
4240,afr
4241,eng
4242,eng
4243,eng
4244,tso
4245,ssw
4246,ssw
4247,eng
4248,eng
4249,afr
4250,eng
4251,eng
4252,eng
4253,ven
4254,ssw
4255,eng
4256,eng
4257,nbl
4258,eng
4259,xho
4260,ven
4261,xho
4262,eng
4263,nso
4264,eng
4265,ssw
4266,nso
4267,eng
4268,eng
4269,ssw
4270,xho
4271,eng
4272,ssw
4273,eng
4274,eng
4275,ssw
4276,ssw
4277,eng
4278,ssw
4279,ssw
4280,zul
4281,ssw
4282,sot
4283,eng
4284,eng
4285,eng
4286,ssw
4287,eng
4288,xho
4289,ssw
4290,nbl
4291,ven
4292,eng
4293,eng
4294,eng
4295,eng
4296,eng
4297,eng
4298,eng
4299,tso
4300,eng
4301,eng
4302,ssw
4303,ssw
4304,nso
4305,ssw
4306,afr
4307,eng
4308,afr
4309,ssw
4310,tso
4311,sot
4312,ssw
4313,eng
4314,ssw
4315,afr
4316,eng
4317,tso
4318,tsn
4319,nso
4320,eng
4321,eng
4322,ssw
4323,eng
4324,eng
4325,ssw
4326,eng
4327,xho
4328,ssw
4329,eng
4330,ssw
4331,xho
4332,eng
4333,eng
4334,xho
4335,eng
4336,eng
4337,sot
4338,eng
4339,eng
4340,eng
4341,ssw
4342,eng
4343,eng
4344,eng
4345,tso
4346,ssw
4347,eng
4348,xho
4349,eng
4350,afr
4351,nbl
4352,eng
4353,ssw
4354,ssw
4355,xho
4356,nso
4357,tsn
4358,ssw
4359,nso
4360,afr
4361,ssw
4362,sot
4363,ssw
4364,eng
4365,sot
4366,afr
4367,eng
4368,eng
4369,nbl
4370,eng
4371,eng
4372,afr
4373,eng
4374,eng
4375,ssw
4376,ssw
4377,eng
4378,eng
4379,eng
4380,eng
4381,eng
4382,eng
4383,ssw
4384,eng
4385,eng
4386,ssw
4387,eng
4388,eng
4389,eng
4390,afr
4391,eng
4392,nso
4393,ssw
4394,tso
4395,nbl
4396,eng
4397,ssw
4398,eng
4399,tso
4400,afr
4401,eng
4402,ssw
4403,nso
4404,eng
4405,afr
4406,eng
4407,eng
4408,ssw
4409,eng
4410,eng
4411,ssw
4412,ssw
4413,ssw
4414,ven
4415,eng
4416,eng
4417,afr
4418,eng
4419,eng
4420,ssw
4421,eng
4422,eng
4423,sot
4424,eng
4425,eng
4426,eng
4427,eng
4428,eng
4429,ven
4430,eng
4431,nso
4432,sot
4433,ssw
4434,eng
4435,ssw
4436,eng
4437,eng
4438,eng
4439,ssw
4440,eng
4441,eng
4442,eng
4443,eng
4444,nso
4445,eng
4446,eng
4447,eng
4448,eng
4449,sot
4450,eng
4451,ssw
4452,nbl
4453,eng
4454,eng
4455,eng
4456,eng
4457,ssw
4458,eng
4459,eng
4460,eng
4461,nso
4462,afr
4463,afr
4464,tso
4465,ven
4466,eng
4467,ssw
4468,ssw
4469,tso
4470,eng
4471,ssw
4472,afr
4473,ssw
4474,eng
4475,afr
4476,ssw
4477,ssw
4478,eng
4479,ssw
4480,ssw
4481,eng
4482,eng
4483,eng
4484,eng
4485,eng
4486,eng
4487,tsn
4488,eng
4489,ssw
4490,nso
4491,ssw
4492,tso
4493,eng
4494,eng
4495,eng
4496,ssw
4497,ssw
4498,afr
4499,ssw
4500,eng
4501,ssw
4502,xho
4503,ssw
4504,tsn
4505,sot
4506,eng
4507,ssw
4508,eng
4509,eng
4510,ssw
4511,eng
4512,eng
4513,ssw
4514,tso
4515,xho
4516,eng
4517,xho
4518,sot
4519,ssw
4520,eng
4521,eng
4522,eng
4523,ven
4524,ssw
4525,ssw
4526,eng
4527,eng
4528,eng
4529,ven
4530,eng
4531,ssw
4532,xho
4533,ssw
4534,eng
4535,ssw
4536,sot
4537,eng
4538,eng
4539,eng
4540,eng
4541,eng
4542,afr
4543,afr
4544,ssw
4545,tso
4546,nso
4547,sot
4548,eng
4549,eng
4550,nso
4551,eng
4552,afr
4553,ssw
4554,ssw
4555,xho
4556,eng
4557,eng
4558,eng
4559,eng
4560,eng
4561,eng
4562,eng
4563,eng
4564,eng
4565,nso
4566,eng
4567,sot
4568,ven
4569,eng
4570,eng
4571,eng
4572,eng
4573,afr
4574,ssw
4575,ssw
4576,ssw
4577,eng
4578,eng
4579,eng
4580,nbl
4581,tso
4582,eng
4583,eng
4584,eng
4585,ssw
4586,eng
4587,ssw
4588,sot
4589,eng
4590,eng
4591,sot
4592,eng
4593,tso
4594,ssw
4595,eng
4596,tsn
4597,ven
4598,eng
4599,nbl
4600,afr
4601,ssw
4602,eng
4603,sot
4604,eng
4605,eng
4606,ssw
4607,ssw
4608,afr
4609,nbl
4610,ssw
4611,afr
4612,eng
4613,eng
4614,afr
4615,afr
4616,ssw
4617,eng
4618,ssw
4619,eng
4620,ssw
4621,eng
4622,eng
4623,ssw
4624,eng
4625,eng
4626,eng
4627,eng
4628,afr
4629,eng
4630,eng
4631,nso
4632,ssw
4633,eng
4634,eng
4635,eng
4636,xho
4637,xho
4638,eng
4639,tsn
4640,eng
4641,eng
4642,ssw
4643,tso
4644,tso
4645,nso
4646,eng
4647,ssw
4648,ssw
4649,eng
4650,ssw
4651,ssw
4652,sot
4653,eng
4654,afr
4655,nso
4656,eng
4657,eng
4658,ssw
4659,ssw
4660,xho
4661,xho
4662,eng
4663,eng
4664,eng
4665,eng
4666,eng
4667,eng
4668,ssw
4669,afr
4670,eng
4671,xho
4672,ssw
4673,eng
4674,eng
4675,ssw
4676,eng
4677,eng
4678,ssw
4679,ssw
4680,eng
4681,ssw
4682,ssw
4683,zul
4684,eng
4685,xho
4686,ssw
4687,eng
4688,tsn
4689,tso
4690,eng
4691,eng
4692,eng
4693,eng
4694,ssw
4695,ven
4696,ssw
4697,sot
4698,nso
4699,eng
4700,ssw
4701,ssw
4702,ssw
4703,ssw
4704,eng
4705,tso
4706,ssw
4707,eng
4708,sot
4709,eng
4710,nbl
4711,eng
4712,ssw
4713,ssw
4714,eng
4715,afr
4716,eng
4717,tsn
4718,eng
4719,eng
4720,nbl
4721,ssw
4722,eng
4723,tsn
4724,eng
4725,sot
4726,ssw
4727,ssw
4728,eng
4729,tsn
4730,eng
4731,ssw
4732,eng
4733,nso
4734,eng
4735,eng
4736,xho
4737,tso
4738,eng
4739,eng
4740,tso
4741,eng
4742,eng
4743,sot
4744,xho
4745,ssw
4746,eng
4747,eng
4748,nso
4749,eng
4750,ssw
4751,afr
4752,zul
4753,sot
4754,eng
4755,nso
4756,afr
4757,eng
4758,nso
4759,eng
4760,eng
4761,eng
4762,tsn
4763,eng
4764,tsn
4765,tsn
4766,ssw
4767,eng
4768,eng
4769,eng
4770,ven
4771,eng
4772,eng
4773,sot
4774,ssw
4775,eng
4776,eng
4777,nso
4778,ssw
4779,nbl
4780,ssw
4781,ssw
4782,eng
4783,eng
4784,ssw
4785,eng
4786,tso
4787,xho
4788,ven
4789,ssw
4790,tsn
4791,eng
4792,eng
4793,eng
4794,eng
4795,ssw
4796,ssw
4797,ven
4798,tso
4799,eng
4800,eng
4801,eng
4802,ssw
4803,eng
4804,eng
4805,eng
4806,eng
4807,eng
4808,eng
4809,eng
4810,eng
4811,eng
4812,xho
4813,eng
4814,eng
4815,ssw
4816,eng
4817,eng
4818,tso
4819,nso
4820,xho
4821,nbl
4822,nso
4823,eng
4824,ssw
4825,ssw
4826,eng
4827,afr
4828,eng
4829,eng
4830,eng
4831,sot
4832,ven
4833,eng
4834,ssw
4835,ssw
4836,eng
4837,nso
4838,ssw
4839,ssw
4840,xho
4841,eng
4842,ssw
4843,eng
4844,eng
4845,xho
4846,eng
4847,eng
4848,ssw
4849,eng
4850,eng
4851,afr
4852,eng
4853,eng
4854,eng
4855,ssw
4856,eng
4857,ssw
4858,nso
4859,eng
4860,eng
4861,ssw
4862,afr
4863,ssw
4864,eng
4865,sot
4866,xho
4867,eng
4868,ssw
4869,eng
4870,ssw
4871,eng
4872,eng
4873,ven
4874,eng
4875,ssw
4876,eng
4877,eng
4878,eng
4879,nbl
4880,ssw
4881,xho
4882,afr
4883,eng
4884,nbl
4885,ssw
4886,ssw
4887,ssw
4888,eng
4889,eng
4890,ssw
4891,eng
4892,ssw
4893,eng
4894,eng
4895,eng
4896,eng
4897,ssw
4898,ssw
4899,eng
4900,tso
4901,eng
4902,eng
4903,eng
4904,afr
4905,ssw
4906,eng
4907,eng
4908,sot
4909,eng
4910,eng
4911,ssw
4912,eng
4913,eng
4914,eng
4915,eng
4916,eng
4917,nso
4918,nso
4919,nbl
4920,ssw
4921,afr
4922,ssw
4923,tso
4924,ssw
4925,afr
4926,afr
4927,eng
4928,eng
4929,ssw
4930,ssw
4931,ssw
4932,ssw
4933,eng
4934,ssw
4935,ssw
4936,eng
4937,ssw
4938,eng
4939,ssw
4940,eng
4941,ssw
4942,ssw
4943,ssw
4944,eng
4945,eng
4946,tso
4947,tsn
4948,eng
4949,ssw
4950,eng
4951,eng
4952,afr
4953,nso
4954,eng
4955,eng
4956,ssw
4957,ssw
4958,ssw
4959,xho
4960,eng
4961,ssw
4962,ssw
4963,ssw
4964,ssw
4965,sot
4966,tsn
4967,eng
4968,zul
4969,sot
4970,eng
4971,ssw
4972,nso
4973,eng
4974,eng
4975,eng
4976,eng
4977,tso
4978,eng
4979,eng
4980,ssw
4981,eng
4982,eng
4983,tso
4984,eng
4985,eng
4986,ssw
4987,eng
4988,afr
4989,ven
4990,afr
4991,eng
4992,nso
4993,xho
4994,eng
4995,afr
4996,ssw
4997,eng
4998,eng
4999,afr
5000,eng
5001,eng
5002,eng
5003,ssw
5004,ssw
5005,afr
5006,sot
5007,xho
5008,afr
5009,eng
5010,ssw
5011,xho
5012,eng
5013,eng
5014,eng
5015,ssw
5016,eng
5017,ssw
5018,ssw
5019,xho
5020,nso
5021,eng
5022,ssw
5023,eng
5024,eng
5025,ssw
5026,eng
5027,eng
5028,eng
5029,ssw
5030,ssw
5031,eng
5032,ssw
5033,afr
5034,afr
5035,eng
5036,eng
5037,xho
5038,eng
5039,eng
5040,eng
5041,eng
5042,afr
5043,eng
5044,eng
5045,eng
5046,ssw
5047,eng
5048,nso
5049,eng
5050,eng
5051,nbl
5052,sot
5053,ssw
5054,tso
5055,eng
5056,eng
5057,afr
5058,ssw
5059,eng
5060,ssw
5061,eng
5062,eng
5063,eng
5064,eng
5065,eng
5066,eng
5067,sot
5068,ssw
5069,tsn
5070,eng
5071,afr
5072,eng
5073,ven
5074,ssw
5075,nso
5076,eng
5077,eng
5078,afr
5079,eng
5080,eng
5081,eng
5082,ssw
5083,ssw
5084,eng
5085,ssw
5086,nso
5087,eng
5088,nbl
5089,eng
5090,eng
5091,nbl
5092,afr
5093,ssw
5094,ssw
5095,afr
5096,eng
5097,eng
5098,eng
5099,afr
5100,eng
5101,afr
5102,eng
5103,eng
5104,tsn
5105,afr
5106,eng
5107,sot
5108,ssw
5109,eng
5110,ssw
5111,nbl
5112,eng
5113,sot
5114,afr
5115,ssw
5116,eng
5117,ssw
5118,eng
5119,afr
5120,sot
5121,eng
5122,eng
5123,ssw
5124,nso
5125,afr
5126,afr
5127,eng
5128,ssw
5129,eng
5130,nbl
5131,eng
5132,eng
5133,ssw
5134,eng
5135,eng
5136,eng
5137,eng
5138,ssw
5139,eng
5140,tso
5141,eng
5142,ssw
5143,eng
5144,eng
5145,tso
5146,eng
5147,eng
5148,ven
5149,xho
5150,tsn
5151,afr
5152,eng
5153,ssw
5154,eng
5155,ssw
5156,ssw
5157,eng
5158,eng
5159,eng
5160,ssw
5161,eng
5162,nso
5163,eng
5164,eng
5165,eng
5166,nso
5167,eng
5168,xho
5169,nso
5170,nso
5171,eng
5172,eng
5173,eng
5174,ssw
5175,afr
5176,eng
5177,sot
5178,eng
5179,eng
5180,eng
5181,eng
5182,afr
5183,afr
5184,ssw
5185,eng
5186,eng
5187,ssw
5188,eng
5189,eng
5190,eng
5191,nbl
5192,eng
5193,eng
5194,eng
5195,ssw
5196,ven
5197,nso
5198,eng
5199,eng
5200,ven
5201,ssw
5202,eng
5203,ssw
5204,ssw
5205,afr
5206,ssw
5207,ssw
5208,eng
5209,tso
5210,ven
5211,eng
5212,eng
5213,ssw
5214,eng
5215,nso
5216,xho
5217,afr
5218,eng
5219,eng
5220,zul
5221,xho
5222,tsn
5223,ssw
5224,tso
5225,nbl
5226,eng
5227,ssw
5228,ssw
5229,ssw
5230,afr
5231,tso
5232,ssw
5233,sot
5234,tso
5235,nso
5236,eng
5237,eng
5238,nbl
5239,eng
5240,eng
5241,eng
5242,eng
5243,nso
5244,tso
5245,eng
5246,ssw
5247,ssw
5248,ssw
5249,ssw
5250,ssw
5251,ssw
5252,eng
5253,afr
5254,tsn
5255,eng
5256,nbl
5257,eng
5258,eng
5259,eng
5260,nso
5261,afr
5262,eng
5263,eng
5264,tso
5265,eng
5266,tsn
5267,eng
5268,eng
5269,eng
5270,eng
5271,sot
5272,eng
5273,ssw
5274,ssw
5275,eng
5276,eng
5277,afr
5278,eng
5279,ssw
5280,eng
5281,eng
5282,ssw
5283,ssw
5284,nso
5285,tsn
5286,ssw
5287,ssw
5288,eng
5289,eng
5290,ssw
5291,ssw
5292,ssw
5293,eng
5294,ssw
5295,eng
5296,eng
5297,tso
5298,ssw
5299,ssw
5300,eng
5301,eng
5302,ssw
5303,ssw
5304,eng
5305,xho
5306,afr
5307,ssw
5308,nso
5309,eng
5310,eng
5311,eng
5312,eng
5313,eng
5314,eng
5315,eng
5316,eng
5317,ssw
5318,eng
5319,ssw
5320,ven
5321,xho
5322,eng
5323,eng
5324,eng
5325,ssw
5326,eng
5327,afr
5328,tsn
5329,eng
5330,eng
5331,eng
5332,eng
5333,ssw
5334,eng
5335,sot
5336,nso
5337,afr
5338,ssw
5339,ssw
5340,eng
5341,eng
5342,nbl
5343,ven
5344,ssw
5345,eng
5346,eng
5347,ssw
5348,eng
5349,ssw
5350,ven
5351,eng
5352,eng
5353,sot
5354,eng
5355,ssw
5356,eng
5357,eng
5358,eng
5359,ssw
5360,eng
5361,ssw
5362,eng
5363,ssw
5364,nso
5365,eng
5366,sot
5367,eng
5368,eng
5369,nso
5370,ssw
5371,eng
5372,ssw
5373,eng
5374,eng
5375,eng
5376,ssw
5377,eng
5378,tso
5379,eng
5380,eng
5381,eng
5382,ssw
5383,eng
5384,eng
5385,eng
5386,nso
5387,eng
5388,ssw
5389,eng
5390,ssw
5391,tso
5392,sot
5393,eng
5394,eng
5395,sot
5396,eng
5397,nso
5398,eng
5399,eng
5400,eng
5401,eng
5402,ssw
5403,ssw
5404,eng
5405,ssw
5406,eng
5407,eng
5408,ssw
5409,ssw
5410,eng
5411,eng
5412,eng
5413,eng
5414,eng
5415,eng
5416,eng
5417,ssw
5418,eng
5419,afr
5420,eng
5421,eng
5422,eng
5423,ssw
5424,eng
5425,sot
5426,eng
5427,eng
5428,eng
5429,ssw
5430,eng
5431,tso
5432,nso
5433,eng
5434,ssw
5435,eng
5436,afr
5437,eng
5438,eng
5439,ven
5440,eng
5441,eng
5442,eng
5443,eng
5444,eng
5445,sot
5446,eng
5447,afr
5448,afr
5449,ssw
5450,ssw
5451,ssw
5452,eng
5453,eng
5454,eng
5455,eng
5456,afr
5457,eng
5458,ven
5459,ssw
5460,tsn
5461,afr
5462,eng
5463,nso
5464,xho
5465,tso
5466,eng
5467,eng
5468,eng
5469,eng
5470,sot
5471,nso
5472,ven
5473,eng
5474,ssw
5475,sot
5476,ssw
5477,xho
5478,eng
5479,ssw
5480,eng
5481,nso
5482,ssw
5483,eng
5484,eng
5485,eng
5486,ssw
5487,eng
5488,eng
5489,eng
5490,ssw
5491,eng
5492,eng
5493,tsn
5494,eng
5495,eng
5496,eng
5497,tsn
5498,ssw
5499,tso
5500,ssw
5501,eng
5502,eng
5503,nso
5504,eng
5505,eng
5506,nso
5507,eng
5508,nso
5509,afr
5510,ssw
5511,eng
5512,eng
5513,eng
5514,eng
5515,eng
5516,ssw
5517,nso
5518,ssw
5519,eng
5520,eng
5521,ssw
5522,eng
5523,eng
5524,ssw
5525,afr
5526,eng
5527,eng
5528,eng
5529,eng
5530,ssw
5531,sot
5532,ssw
5533,eng
5534,nbl
5535,ssw
5536,xho
5537,eng
5538,sot
5539,tso
5540,eng
5541,ven
5542,afr
5543,ssw
5544,eng
5545,eng
5546,eng
5547,eng
5548,ssw
5549,xho
5550,eng
5551,ssw
5552,eng
5553,eng
5554,eng
5555,ssw
5556,ssw
5557,ssw
5558,ssw
5559,eng
5560,sot
5561,eng
5562,eng
5563,eng
5564,eng
5565,afr
5566,nso
5567,eng
5568,tso
5569,ssw
5570,eng
5571,eng
5572,ven
5573,eng
5574,sot
5575,ssw
5576,eng
5577,eng
5578,eng
5579,ven
5580,sot
5581,eng
5582,ssw
5583,eng
5584,tso
5585,eng
5586,eng
5587,eng
5588,eng
5589,ssw
5590,tso
5591,ssw
5592,eng
5593,ssw
5594,ssw
5595,eng
5596,afr
5597,eng
5598,eng
5599,eng
5600,nbl
5601,eng
5602,ssw
5603,eng
5604,sot
5605,ven
5606,zul
5607,eng
5608,sot
5609,xho
5610,eng
5611,afr
5612,nso
5613,afr
5614,eng
5615,eng
5616,eng
5617,eng
5618,tso
5619,eng
5620,afr
5621,eng
5622,eng
5623,eng
5624,eng
5625,eng
5626,ssw
5627,afr
5628,nso
5629,ssw
5630,ssw
5631,eng
5632,eng
5633,ssw
5634,ssw
5635,tso
5636,eng
5637,eng
5638,eng
5639,eng
5640,ssw
5641,eng
5642,eng
5643,ssw
5644,eng
5645,eng
5646,ssw
5647,eng
5648,ssw
5649,eng
5650,eng
5651,ssw
5652,ssw
5653,nbl
5654,sot
5655,nso
5656,eng
5657,ssw
5658,eng
5659,eng
5660,eng
5661,eng
5662,eng
5663,ssw
5664,afr
5665,eng
5666,afr
5667,ssw
5668,xho
5669,eng
5670,eng
5671,eng
5672,sot
5673,afr
5674,ven
5675,eng
5676,ssw
5677,eng
5678,eng
5679,eng
5680,ssw
5681,eng
5682,eng
